﻿<MD_Metadata xmlns="http://www.isotc211.org/2005/gmd" xmlns:gco="http://www.isotc211.org/2005/gco" xmlns:gts="http://www.isotc211.org/2005/gts" xmlns:srv="http://www.isotc211.org/2005/srv" xmlns:gml="http://www.opengis.net/gml" xmlns:xlink="http://www.w3.org/1999/xlink" xmlns:xsi="http://www.w3.org/2001/XMLSchema-instance">
  <language>
    <LanguageCode codeList="http://www.loc.gov/standards/iso639-2/php/code_list.php" codeListValue="eng" codeSpace="ISO639-2">eng</LanguageCode>
  </language>
  <characterSet>
    <MD_CharacterSetCode codeList="http://www.isotc211.org/2005/resources/Codelist/gmxCodelists.xml#MD_CharacterSetCode" codeListValue="utf8" codeSpace="ISOTC211/19115">utf8</MD_CharacterSetCode>
  </characterSet>
  <hierarchyLevel>
    <MD_ScopeCode codeList="http://www.isotc211.org/2005/resources/Codelist/gmxCodelists.xml#MD_ScopeCode" codeListValue="dataset" codeSpace="ISOTC211/19115">dataset</MD_ScopeCode>
  </hierarchyLevel>
  <hierarchyLevelName>
    <gco:CharacterString>dataset</gco:CharacterString>
  </hierarchyLevelName>
  <contact>
    <CI_ResponsibleParty>
      <individualName>
        <gco:CharacterString>The Nature Conservancy North Carolina</gco:CharacterString>
      </individualName>
      <contactInfo>
        <CI_Contact>
          <phone>
            <CI_Telephone>
              <voice>
                <gco:CharacterString>919-403-8558</gco:CharacterString>
              </voice>
            </CI_Telephone>
          </phone>
          <address>
            <CI_Address>
              <deliveryPoint>
                <gco:CharacterString>334 Blackwell St Suite 300</gco:CharacterString>
              </deliveryPoint>
              <city>
                <gco:CharacterString>Durham</gco:CharacterString>
              </city>
              <administrativeArea>
                <gco:CharacterString>NC</gco:CharacterString>
              </administrativeArea>
              <postalCode>
                <gco:CharacterString>27701</gco:CharacterString>
              </postalCode>
              <country>
                <Country codeList="http://www.iso.org/iso/country_codes/iso_3166_code_lists.htm" codeListValue="US" codeSpace="ISO3166-1">US</Country>
              </country>
              <electronicMailAddress>
                <gco:CharacterString>northcarolinachapter@tnc.org</gco:CharacterString>
              </electronicMailAddress>
            </CI_Address>
          </address>
        </CI_Contact>
      </contactInfo>
      <role>
        <CI_RoleCode codeList="http://www.isotc211.org/2005/resources/Codelist/gmxCodelists.xml#CI_RoleCode" codeListValue="owner" codeSpace="ISOTC211/19115">owner</CI_RoleCode>
      </role>
    </CI_ResponsibleParty>
  </contact>
  <contact>
    <CI_ResponsibleParty>
      <individualName>
        <gco:CharacterString>Margaret Fields</gco:CharacterString>
      </individualName>
      <organisationName>
        <gco:CharacterString>The Nature Conservancy North Carolina</gco:CharacterString>
      </organisationName>
      <positionName>
        <gco:CharacterString>GIS &amp; Invasives Coordinator</gco:CharacterString>
      </positionName>
      <contactInfo>
        <CI_Contact>
          <address>
            <CI_Address>
              <electronicMailAddress>
                <gco:CharacterString>mfields@tnc.org</gco:CharacterString>
              </electronicMailAddress>
            </CI_Address>
          </address>
        </CI_Contact>
      </contactInfo>
      <role>
        <CI_RoleCode codeList="http://www.isotc211.org/2005/resources/Codelist/gmxCodelists.xml#CI_RoleCode" codeListValue="pointOfContact" codeSpace="ISOTC211/19115">pointOfContact</CI_RoleCode>
      </role>
    </CI_ResponsibleParty>
  </contact>
  <contact>
    <CI_ResponsibleParty>
      <individualName>
        <gco:CharacterString>Danica Schaffer-Smith</gco:CharacterString>
      </individualName>
      <organisationName>
        <gco:CharacterString>The Nature Conservancy North Carolina</gco:CharacterString>
      </organisationName>
      <positionName>
        <gco:CharacterString>NatureNet Science Fellow</gco:CharacterString>
      </positionName>
      <contactInfo>
        <CI_Contact>
          <address>
            <CI_Address>
              <electronicMailAddress>
                <gco:CharacterString>d.schaffer-smith@tnc.org</gco:CharacterString>
              </electronicMailAddress>
            </CI_Address>
          </address>
        </CI_Contact>
      </contactInfo>
      <role>
        <CI_RoleCode codeList="http://www.isotc211.org/2005/resources/Codelist/gmxCodelists.xml#CI_RoleCode" codeListValue="author" codeSpace="ISOTC211/19115">author</CI_RoleCode>
      </role>
    </CI_ResponsibleParty>
  </contact>
  <dateStamp>
    <gco:Date>2020-04-23</gco:Date>
  </dateStamp>
  <metadataStandardName>
    <gco:CharacterString>ISO 19139 Geographic Information - Metadata - Implementation Specification</gco:CharacterString>
  </metadataStandardName>
  <metadataStandardVersion>
    <gco:CharacterString>2007</gco:CharacterString>
  </metadataStandardVersion>
  <locale>
    <PT_Locale>
      <languageCode>
        <LanguageCode codeList="http://www.loc.gov/standards/iso639-2/php/code_list.php" codeListValue="eng" codeSpace="ISO639-2">eng</LanguageCode>
      </languageCode>
      <country>
        <Country codeList="http://www.iso.org/iso/country_codes/iso_3166_code_lists.htm" codeListValue="US" codeSpace="ISO3166-1">US</Country>
      </country>
      <characterEncoding>
        <MD_CharacterSetCode codeList="http://www.isotc211.org/2005/resources/Codelist/gmxCodelists.xml#MD_CharacterSetCode" codeListValue="utf8" codeSpace="ISOTC211/19115">utf8</MD_CharacterSetCode>
      </characterEncoding>
    </PT_Locale>
  </locale>
  <spatialRepresentationInfo>
    <MD_Georectified>
      <numberOfDimensions>
        <gco:Integer>2</gco:Integer>
      </numberOfDimensions>
      <axisDimensionProperties>
        <MD_Dimension>
          <dimensionName>
            <MD_DimensionNameTypeCode codeList="http://www.isotc211.org/2005/resources/Codelist/gmxCodelists.xml#MD_DimensionNameTypeCode" codeListValue="column" codeSpace="ISOTC211/19115">column</MD_DimensionNameTypeCode>
          </dimensionName>
          <dimensionSize>
            <gco:Integer>40591</gco:Integer>
          </dimensionSize>
          <resolution>
            <gco:Measure uom="ftUS">65.616667</gco:Measure>
          </resolution>
        </MD_Dimension>
      </axisDimensionProperties>
      <axisDimensionProperties>
        <MD_Dimension>
          <dimensionName>
            <MD_DimensionNameTypeCode codeList="http://www.isotc211.org/2005/resources/Codelist/gmxCodelists.xml#MD_DimensionNameTypeCode" codeListValue="row" codeSpace="ISOTC211/19115">row</MD_DimensionNameTypeCode>
          </dimensionName>
          <dimensionSize>
            <gco:Integer>15864</gco:Integer>
          </dimensionSize>
          <resolution>
            <gco:Measure uom="ftUS">65.616667</gco:Measure>
          </resolution>
        </MD_Dimension>
      </axisDimensionProperties>
      <cellGeometry>
        <MD_CellGeometryCode codeList="http://www.isotc211.org/2005/resources/Codelist/gmxCodelists.xml#MD_CellGeometryCode" codeListValue="area" codeSpace="ISOTC211/19115">area</MD_CellGeometryCode>
      </cellGeometry>
      <transformationParameterAvailability>
        <gco:Boolean>true</gco:Boolean>
      </transformationParameterAvailability>
      <checkPointAvailability>
        <gco:Boolean>false</gco:Boolean>
      </checkPointAvailability>
      <cornerPoints>
        <gml:Point gml:id="ID0EIJAC">
          <gml:pos>406823.424835 2690.255119</gml:pos>
        </gml:Point>
      </cornerPoints>
      <cornerPoints>
        <gml:Point gml:id="ID0EOJAC">
          <gml:pos>406823.424835 1043633.055119</gml:pos>
        </gml:Point>
      </cornerPoints>
      <cornerPoints>
        <gml:Point gml:id="ID0EUJAC">
          <gml:pos>3070269.541502 1043633.055119</gml:pos>
        </gml:Point>
      </cornerPoints>
      <cornerPoints>
        <gml:Point gml:id="ID0E1JAC">
          <gml:pos>3070269.541502 2690.255119</gml:pos>
        </gml:Point>
      </cornerPoints>
      <centerPoint>
        <gml:Point gml:id="ID0EAKAC">
          <gml:pos>1738546.483169 523161.655119</gml:pos>
        </gml:Point>
      </centerPoint>
      <pointInPixel>
        <MD_PixelOrientationCode>center</MD_PixelOrientationCode>
      </pointInPixel>
    </MD_Georectified>
  </spatialRepresentationInfo>
  <referenceSystemInfo>
    <MD_ReferenceSystem>
      <referenceSystemIdentifier>
        <RS_Identifier>
          <code>
            <gco:CharacterString>2264</gco:CharacterString>
          </code>
          <codeSpace>
            <gco:CharacterString>EPSG</gco:CharacterString>
          </codeSpace>
          <version>
            <gco:CharacterString>6.12(9.0.0)</gco:CharacterString>
          </version>
        </RS_Identifier>
      </referenceSystemIdentifier>
    </MD_ReferenceSystem>
  </referenceSystemInfo>
  <identificationInfo>
    <MD_DataIdentification>
      <citation>
        <CI_Citation>
          <title>
            <gco:CharacterString>Hurricane Florence flood extent across the Piedmont and Coastal Plain of North Carolina</gco:CharacterString>
          </title>
          <date>
            <CI_Date>
              <date>
                <gco:Date>2020-04-23</gco:Date>
              </date>
              <dateType>
                <CI_DateTypeCode codeList="http://www.isotc211.org/2005/resources/Codelist/gmxCodelists.xml#CI_DateTypeCode" codeListValue="creation" codeSpace="ISOTC211/19115">creation</CI_DateTypeCode>
              </dateType>
            </CI_Date>
          </date>
          <date>
            <CI_Date>
              <date>
                <gco:Date>2020-04-23</gco:Date>
              </date>
              <dateType>
                <CI_DateTypeCode codeList="http://www.isotc211.org/2005/resources/Codelist/gmxCodelists.xml#CI_DateTypeCode" codeListValue="publication" codeSpace="ISOTC211/19115">publication</CI_DateTypeCode>
              </dateType>
            </CI_Date>
          </date>
          <citedResponsibleParty>
            <CI_ResponsibleParty>
              <individualName>
                <gco:CharacterString>The Nature Conservancy North Carolina</gco:CharacterString>
              </individualName>
              <contactInfo>
                <CI_Contact>
                  <phone>
                    <CI_Telephone>
                      <voice>
                        <gco:CharacterString>919-403-8558</gco:CharacterString>
                      </voice>
                    </CI_Telephone>
                  </phone>
                  <address>
                    <CI_Address>
                      <deliveryPoint>
                        <gco:CharacterString>334 Blackwell St Suite 300</gco:CharacterString>
                      </deliveryPoint>
                      <city>
                        <gco:CharacterString>Durham</gco:CharacterString>
                      </city>
                      <administrativeArea>
                        <gco:CharacterString>NC</gco:CharacterString>
                      </administrativeArea>
                      <postalCode>
                        <gco:CharacterString>27701</gco:CharacterString>
                      </postalCode>
                      <country>
                        <Country codeList="http://www.iso.org/iso/country_codes/iso_3166_code_lists.htm" codeListValue="US" codeSpace="ISO3166-1">US</Country>
                      </country>
                      <electronicMailAddress>
                        <gco:CharacterString>northcarolinachapter@tnc.org</gco:CharacterString>
                      </electronicMailAddress>
                    </CI_Address>
                  </address>
                </CI_Contact>
              </contactInfo>
              <role>
                <CI_RoleCode codeList="http://www.isotc211.org/2005/resources/Codelist/gmxCodelists.xml#CI_RoleCode" codeListValue="owner" codeSpace="ISOTC211/19115">owner</CI_RoleCode>
              </role>
            </CI_ResponsibleParty>
          </citedResponsibleParty>
          <citedResponsibleParty>
            <CI_ResponsibleParty>
              <individualName>
                <gco:CharacterString>Margaret Fields</gco:CharacterString>
              </individualName>
              <organisationName>
                <gco:CharacterString>The Nature Conservancy North Carolina</gco:CharacterString>
              </organisationName>
              <positionName>
                <gco:CharacterString>GIS &amp; Invasives Coordinator</gco:CharacterString>
              </positionName>
              <contactInfo>
                <CI_Contact>
                  <address>
                    <CI_Address>
                      <electronicMailAddress>
                        <gco:CharacterString>mfields@tnc.org</gco:CharacterString>
                      </electronicMailAddress>
                    </CI_Address>
                  </address>
                </CI_Contact>
              </contactInfo>
              <role>
                <CI_RoleCode codeList="http://www.isotc211.org/2005/resources/Codelist/gmxCodelists.xml#CI_RoleCode" codeListValue="pointOfContact" codeSpace="ISOTC211/19115">pointOfContact</CI_RoleCode>
              </role>
            </CI_ResponsibleParty>
          </citedResponsibleParty>
          <citedResponsibleParty>
            <CI_ResponsibleParty>
              <individualName>
                <gco:CharacterString>Danica Schaffer-Smith</gco:CharacterString>
              </individualName>
              <organisationName>
                <gco:CharacterString>The Nature Conservancy North Carolina</gco:CharacterString>
              </organisationName>
              <positionName>
                <gco:CharacterString>NatureNet Science Fellow</gco:CharacterString>
              </positionName>
              <contactInfo>
                <CI_Contact>
                  <address>
                    <CI_Address>
                      <electronicMailAddress>
                        <gco:CharacterString>d.schaffer-smith@tnc.org</gco:CharacterString>
                      </electronicMailAddress>
                    </CI_Address>
                  </address>
                </CI_Contact>
              </contactInfo>
              <role>
                <CI_RoleCode codeList="http://www.isotc211.org/2005/resources/Codelist/gmxCodelists.xml#CI_RoleCode" codeListValue="author" codeSpace="ISOTC211/19115">author</CI_RoleCode>
              </role>
            </CI_ResponsibleParty>
          </citedResponsibleParty>
          <presentationForm>
            <CI_PresentationFormCode codeList="http://www.isotc211.org/2005/resources/Codelist/gmxCodelists.xml#CI_PresentationFormCode" codeListValue="mapDigital" codeSpace="ISOTC211/19115">mapDigital</CI_PresentationFormCode>
          </presentationForm>
          <collectiveTitle>
            <gco:CharacterString>Hurricanes Matthew and Florence: impacts and opportunities to improve floodplain management</gco:CharacterString>
          </collectiveTitle>
        </CI_Citation>
      </citation>
      <abstract>
        <gco:CharacterString>The data provide an estimate of flood extent folllowing Hurricane Florence (2018) across the Piedmont and Coastal Plain of North Carolina. Flooded and non-flooded regions were delineated using a random forest classification model leveraging pre- and post-storm synthetic aperture radar from the European Space Agency's Sentinel-1 sensor, in addition to topography, floodplain, and landcover data. The classification model was trained with USGS and NCDEMS high-water marks, in addition to flooded and non-flooded regions delineated from high-resolution NOAA aerial photography; the model achieved 92% accuracy against an independent witheld sample. This effort was aimed at identifying inland flooding and not storm surge. This dataset is not intended to replace North Carolina's Floodplain Mapping Program hazard projections. For additional details regarding the methods, please see the peer-reviewed publication and archive referenced in the Credits below.</gco:CharacterString>
      </abstract>
      <purpose>
        <gco:CharacterString>This data was created as part of a NatureNet Science Fellowship project initated in 2018 by The Nature Conservancy and the Arizona State University Center for Biodiversity Outcomes to assess risks and identify solutions for nutrient pollution under extreme events. This dataset provides an estimate of inland flood extent under Hurricane Florence (2018), and can help to inform planning efforts aimed at improving resilience to future storms. This is part of a collection of datasets produced as part of a study of the potential implications of repeated hurricanes for water quality in North Carolina. Complementary datasets include: Hurricane Matthew (2016) estimated flood extent and opportunities for buyouts and watershed-scale nature-based solutions within flood-affected areas. </gco:CharacterString>
      </purpose>
      <credit>
        <gco:CharacterString>Schaffer-Smith, D., Myint, S.W., Muenich, R.L., Tong, D., and DeMeester, J.E. 2020. Repeated hurricanes reveal risks and opportunities for social-ecological resilience to flooding and water quality problems. Environmental Science &amp; Technology. 

Schaffer-Smith, D. 2020. Hurricanes Matthew and Florence: impacts and opportunities to improve floodplain management. Knowledge Network for Biocomplexity. doi:10.5063/F1SB443J. https://knb.ecoinformatics.org/ </gco:CharacterString>
      </credit>
      <status>
        <MD_ProgressCode codeList="http://www.isotc211.org/2005/resources/Codelist/gmxCodelists.xml#MD_ProgressCode" codeListValue="completed" codeSpace="ISOTC211/19115">completed</MD_ProgressCode>
      </status>
      <pointOfContact>
        <CI_ResponsibleParty>
          <individualName>
            <gco:CharacterString>The Nature Conservancy North Carolina</gco:CharacterString>
          </individualName>
          <contactInfo>
            <CI_Contact>
              <phone>
                <CI_Telephone>
                  <voice>
                    <gco:CharacterString>919-403-8558</gco:CharacterString>
                  </voice>
                </CI_Telephone>
              </phone>
              <address>
                <CI_Address>
                  <deliveryPoint>
                    <gco:CharacterString>334 Blackwell St Suite 300</gco:CharacterString>
                  </deliveryPoint>
                  <city>
                    <gco:CharacterString>Durham</gco:CharacterString>
                  </city>
                  <administrativeArea>
                    <gco:CharacterString>NC</gco:CharacterString>
                  </administrativeArea>
                  <postalCode>
                    <gco:CharacterString>27701</gco:CharacterString>
                  </postalCode>
                  <country>
                    <Country codeList="http://www.iso.org/iso/country_codes/iso_3166_code_lists.htm" codeListValue="US" codeSpace="ISO3166-1">US</Country>
                  </country>
                  <electronicMailAddress>
                    <gco:CharacterString>northcarolinachapter@tnc.org</gco:CharacterString>
                  </electronicMailAddress>
                </CI_Address>
              </address>
            </CI_Contact>
          </contactInfo>
          <role>
            <CI_RoleCode codeList="http://www.isotc211.org/2005/resources/Codelist/gmxCodelists.xml#CI_RoleCode" codeListValue="owner" codeSpace="ISOTC211/19115">owner</CI_RoleCode>
          </role>
        </CI_ResponsibleParty>
      </pointOfContact>
      <pointOfContact>
        <CI_ResponsibleParty>
          <individualName>
            <gco:CharacterString>Margaret Fields</gco:CharacterString>
          </individualName>
          <organisationName>
            <gco:CharacterString>The Nature Conservancy North Carolina</gco:CharacterString>
          </organisationName>
          <positionName>
            <gco:CharacterString>GIS &amp; Invasives Coordinator</gco:CharacterString>
          </positionName>
          <contactInfo>
            <CI_Contact>
              <address>
                <CI_Address>
                  <electronicMailAddress>
                    <gco:CharacterString>mfields@tnc.org</gco:CharacterString>
                  </electronicMailAddress>
                </CI_Address>
              </address>
            </CI_Contact>
          </contactInfo>
          <role>
            <CI_RoleCode codeList="http://www.isotc211.org/2005/resources/Codelist/gmxCodelists.xml#CI_RoleCode" codeListValue="pointOfContact" codeSpace="ISOTC211/19115">pointOfContact</CI_RoleCode>
          </role>
        </CI_ResponsibleParty>
      </pointOfContact>
      <resourceMaintenance>
        <MD_MaintenanceInformation>
          <maintenanceAndUpdateFrequency>
            <MD_MaintenanceFrequencyCode codeList="http://www.isotc211.org/2005/resources/Codelist/gmxCodelists.xml#MD_MaintenanceFrequencyCode" codeListValue="notPlanned" codeSpace="ISOTC211/19115">notPlanned</MD_MaintenanceFrequencyCode>
          </maintenanceAndUpdateFrequency>
        </MD_MaintenanceInformation>
      </resourceMaintenance>
      <descriptiveKeywords>
        <MD_Keywords>
          <keyword>
            <gco:CharacterString>hydrology, natural hazards, vulnerability, remote sensing, machine learning</gco:CharacterString>
          </keyword>
          <type>
            <MD_KeywordTypeCode codeList="http://www.isotc211.org/2005/resources/Codelist/gmxCodelists.xml#MD_KeywordTypeCode" codeListValue="discipline" codeSpace="ISOTC211/19115">discipline</MD_KeywordTypeCode>
          </type>
        </MD_Keywords>
      </descriptiveKeywords>
      <descriptiveKeywords>
        <MD_Keywords>
          <keyword>
            <gco:CharacterString>North Carolina, Piedmont, Coastal Plain</gco:CharacterString>
          </keyword>
          <type>
            <MD_KeywordTypeCode codeList="http://www.isotc211.org/2005/resources/Codelist/gmxCodelists.xml#MD_KeywordTypeCode" codeListValue="place" codeSpace="ISOTC211/19115">place</MD_KeywordTypeCode>
          </type>
        </MD_Keywords>
      </descriptiveKeywords>
      <descriptiveKeywords>
        <MD_Keywords>
          <keyword>
            <gco:CharacterString>2018</gco:CharacterString>
          </keyword>
          <type>
            <MD_KeywordTypeCode codeList="http://www.isotc211.org/2005/resources/Codelist/gmxCodelists.xml#MD_KeywordTypeCode" codeListValue="temporal" codeSpace="ISOTC211/19115">temporal</MD_KeywordTypeCode>
          </type>
        </MD_Keywords>
      </descriptiveKeywords>
      <descriptiveKeywords>
        <MD_Keywords>
          <keyword>
            <gco:CharacterString>flood, hurricane, remote sensing, radar</gco:CharacterString>
          </keyword>
          <type>
            <MD_KeywordTypeCode codeList="http://www.isotc211.org/2005/resources/Codelist/gmxCodelists.xml#MD_KeywordTypeCode" codeListValue="theme" codeSpace="ISOTC211/19115">theme</MD_KeywordTypeCode>
          </type>
        </MD_Keywords>
      </descriptiveKeywords>
      <descriptiveKeywords>
        <MD_Keywords>
          <keyword>
            <gco:CharacterString>Downloadable Data</gco:CharacterString>
          </keyword>
          <thesaurusName uuidref="723f6998-058e-11dc-8314-0800200c9a66" />
        </MD_Keywords>
      </descriptiveKeywords>
      <resourceConstraints>
        <MD_Constraints>
          <useLimitation>
            <gco:CharacterString>Free reuse with attribution. Please cite the following resources:Schaffer-Smith, D., Myint, S.W., Muenich, R.L., Tong, D., and DeMeester, J.E. 2020. Repeated hurricanes reveal risks and opportunities for social-ecological resilience to flooding and water quality problems. Environmental Science &amp; Technology. Schaffer-Smith, D. 2020. Hurricanes Matthew and Florence: impacts and opportunities to improve floodplain management. Knowledge Network for Biocomplexity. doi:10.5063/F1SB443J. https://knb.ecoinformatics.org/</gco:CharacterString>
          </useLimitation>
        </MD_Constraints>
      </resourceConstraints>
      <spatialRepresentationType>
        <MD_SpatialRepresentationTypeCode codeList="http://www.isotc211.org/2005/resources/Codelist/gmxCodelists.xml#MD_SpatialRepresentationTypeCode" codeListValue="grid" codeSpace="ISOTC211/19115">grid</MD_SpatialRepresentationTypeCode>
      </spatialRepresentationType>
      <language>
        <LanguageCode codeList="http://www.loc.gov/standards/iso639-2/php/code_list.php" codeListValue="eng" codeSpace="ISO639-2">eng</LanguageCode>
      </language>
      <characterSet>
        <MD_CharacterSetCode codeList="http://www.isotc211.org/2005/resources/Codelist/gmxCodelists.xml#MD_CharacterSetCode" codeListValue="utf8" codeSpace="ISOTC211/19115">utf8</MD_CharacterSetCode>
      </characterSet>
      <topicCategory>
        <MD_TopicCategoryCode>environment</MD_TopicCategoryCode>
      </topicCategory>
      <topicCategory>
        <MD_TopicCategoryCode>geoscientificInformation</MD_TopicCategoryCode>
      </topicCategory>
      <topicCategory>
        <MD_TopicCategoryCode>inlandWaters</MD_TopicCategoryCode>
      </topicCategory>
      <environmentDescription>
        <gco:CharacterString> Version 6.2 (Build 9200) ; Esri ArcGIS 10.5.0.6491</gco:CharacterString>
      </environmentDescription>
      <extent>
        <EX_Extent>
          <geographicElement>
            <EX_GeographicBoundingBox>
              <extentTypeCode>
                <gco:Boolean>true</gco:Boolean>
              </extentTypeCode>
              <westBoundLongitude>
                <gco:Decimal>-84.422142</gco:Decimal>
              </westBoundLongitude>
              <eastBoundLongitude>
                <gco:Decimal>-75.355507</gco:Decimal>
              </eastBoundLongitude>
              <southBoundLatitude>
                <gco:Decimal>33.641943</gco:Decimal>
              </southBoundLatitude>
              <northBoundLatitude>
                <gco:Decimal>36.617277</gco:Decimal>
              </northBoundLatitude>
            </EX_GeographicBoundingBox>
          </geographicElement>
          <temporalElement>
            <EX_TemporalExtent>
              <extent>
                <gml:TimePeriod gml:id="ID0ENBAC">
                  <gml:beginPosition>2019-09-18T00:00:00</gml:beginPosition>
                  <gml:endPosition>2018-09-26T00:00:00</gml:endPosition>
                </gml:TimePeriod>
              </extent>
            </EX_TemporalExtent>
          </temporalElement>
        </EX_Extent>
      </extent>
      <supplementalInformation>
        <gco:CharacterString>Schaffer-Smith, D., Myint, S.W., Muenich, R.L., Tong, D., and DeMeester, J.E. 2020. Repeated hurricanes reveal risks and opportunities for social-ecological resilience to flooding and water quality problems. Environmental Science &amp; Technology. </gco:CharacterString>
      </supplementalInformation>
    </MD_DataIdentification>
  </identificationInfo>
  <contentInfo>
    <MD_ImageDescription>
      <attributeDescription>
        <gco:RecordType>Classified flooding from Hurricane Florence. 0 = not flooded, 1 = flooded</gco:RecordType>
      </attributeDescription>
      <contentType>
        <MD_CoverageContentTypeCode codeList="http://www.isotc211.org/2005/resources/Codelist/gmxCodelists.xml#MD_CoverageContentTypeCode" codeListValue="image" codeSpace="ISOTC211/19115">image</MD_CoverageContentTypeCode>
      </contentType>
      <dimension>
        <MD_Band>
          <descriptor>
            <gco:CharacterString>Band_1</gco:CharacterString>
          </descriptor>
          <maxValue>
            <gco:Real>1</gco:Real>
          </maxValue>
          <minValue>
            <gco:Real>0</gco:Real>
          </minValue>
          <units>
            <gml:UnitDefinition gml:id="ID0AAAAAGAJA">
              <gml:identifier codeSpace="GML_UomSymbol">Unified Code of Units of Measure</gml:identifier>
            </gml:UnitDefinition>
          </units>
          <bitsPerValue>
            <gco:Integer>8</gco:Integer>
          </bitsPerValue>
        </MD_Band>
      </dimension>
      <triangulationIndicator>
        <gco:Boolean>false</gco:Boolean>
      </triangulationIndicator>
      <radiometricCalibrationDataAvailability>
        <gco:Boolean>false</gco:Boolean>
      </radiometricCalibrationDataAvailability>
      <cameraCalibrationInformationAvailability>
        <gco:Boolean>false</gco:Boolean>
      </cameraCalibrationInformationAvailability>
      <filmDistortionInformationAvailability>
        <gco:Boolean>false</gco:Boolean>
      </filmDistortionInformationAvailability>
      <lensDistortionInformationAvailability>
        <gco:Boolean>false</gco:Boolean>
      </lensDistortionInformationAvailability>
    </MD_ImageDescription>
  </contentInfo>
  <distributionInfo>
    <MD_Distribution>
      <distributionFormat>
        <MD_Format>
          <name>
            <gco:CharacterString>Raster Dataset</gco:CharacterString>
          </name>
          <version gco:nilReason="missing" />
        </MD_Format>
      </distributionFormat>
    </MD_Distribution>
  </distributionInfo>
  <dataQualityInfo>
    <DQ_DataQuality>
      <scope gco:nilReason="missing" />
      <report>
        <DQ_QuantitativeAttributeAccuracy>
          <evaluationMethodDescription>
            <gco:CharacterString>The classification model was validated with an independent sample witheld from the training set. Map accuracy was measured at 91.9% against the witheld sample. See the peer-reviewed publication and accompanying code for additional information about validation. </gco:CharacterString>
          </evaluationMethodDescription>
          <result gco:nilReason="missing" />
        </DQ_QuantitativeAttributeAccuracy>
      </report>
      <lineage>
        <LI_Lineage>
          <processStep>
            <LI_ProcessStep>
              <description>
                <gco:CharacterString>Flooded and non-flooded regions were delineated using a random forest classification model leveraging pre- and post-storm synthetic aperture radar from the European Space Agency's Sentinel-1 sensor, in addition to topography, floodplain, and landcover data. The classification model was trained with USGS and NCDEMS high-water marks, in addition to flooded and non-flooded regions delineated from high-resolution NOAA aerial photography; the model achieved 92% accuracy against an independent witheld sample. For additional details regarding the methods, please see the peer-reviewed publication and archive referenced in the Credits. </gco:CharacterString>
              </description>
              <dateTime>
                <gco:DateTime>2019-06-25T00:00:00</gco:DateTime>
              </dateTime>
            </LI_ProcessStep>
          </processStep>
        </LI_Lineage>
      </lineage>
    </DQ_DataQuality>
  </dataQualityInfo>
  <metadataConstraints>
    <MD_Constraints>
      <useLimitation>
        <gco:CharacterString>Free reuse with attribution.</gco:CharacterString>
      </useLimitation>
    </MD_Constraints>
  </metadataConstraints>
  <metadataMaintenance>
    <MD_MaintenanceInformation>
      <maintenanceAndUpdateFrequency>
        <MD_MaintenanceFrequencyCode codeList="http://www.isotc211.org/2005/resources/Codelist/gmxCodelists.xml#MD_MaintenanceFrequencyCode" codeListValue="notPlanned" codeSpace="ISOTC211/19115">notPlanned</MD_MaintenanceFrequencyCode>
      </maintenanceAndUpdateFrequency>
      <maintenanceNote>
        <gco:CharacterString>Metadata standard ISO 19139</gco:CharacterString>
      </maintenanceNote>
    </MD_MaintenanceInformation>
  </metadataMaintenance>
</MD_Metadata>